{"cameraMode":{"drawMode":0,"name":"Shaded","section":"Shading Mode"},"sceneLighting":false,"audioPlay":false,"sceneViewState":{"m_AlwaysRefresh":false,"showFog":true,"showSkybox":false,"showFlares":true,"showImageEffects":true,"showParticleSystems":true,"showVisualEffectGraphs":true,"m_FxEnabled":false},"in2DMode":false,"pivot":{"x":-0.0000028014183044433595,"y":0.22492027282714845,"z":-5.960464477539063e-7},"rotation":{"x":-0.4126540720462799,"y":0.05924501270055771,"z":-0.026873748749494554,"w":-0.908597469329834},"size":2.8151793479919435,"orthographic":false}