{"cameraMode":{"drawMode":0,"name":"Shaded","section":"Shading Mode"},"sceneLighting":false,"audioPlay":false,"sceneViewState":{"m_AlwaysRefresh":false,"showFog":true,"showSkybox":false,"showFlares":true,"showImageEffects":true,"showParticleSystems":true,"showVisualEffectGraphs":true,"m_FxEnabled":false},"in2DMode":false,"pivot":{"x":-5.960464477539063e-7,"y":1.249996304512024,"z":-0.000003039836883544922},"rotation":{"x":0.6402245163917542,"y":-0.009461486712098122,"z":0.007894977927207947,"w":0.7681539058685303},"size":3.8160886764526369,"orthographic":false}