{"cameraMode":{"drawMode":0,"name":"Shaded","section":"Shading Mode"},"sceneLighting":false,"audioPlay":false,"sceneViewState":{"m_AlwaysRefresh":false,"showFog":true,"showSkybox":false,"showFlares":true,"showImageEffects":true,"showParticleSystems":true,"showVisualEffectGraphs":true,"m_FxEnabled":false},"in2DMode":false,"pivot":{"x":0.000006079673767089844,"y":-3.149949312210083,"z":-2.5100014209747316},"rotation":{"x":-0.13103452324867249,"y":-0.7048315405845642,"z":0.1350731998682022,"w":-0.6840021014213562},"size":0.7228310704231262,"orthographic":false}