{"cameraMode":{"drawMode":0,"name":"Shaded","section":"Shading Mode"},"sceneLighting":false,"audioPlay":false,"sceneViewState":{"m_AlwaysRefresh":false,"showFog":true,"showSkybox":false,"showFlares":true,"showImageEffects":true,"showParticleSystems":true,"showVisualEffectGraphs":true,"m_FxEnabled":false},"in2DMode":false,"pivot":{"x":-0.0628872811794281,"y":2.6922433376312258,"z":-0.3298999071121216},"rotation":{"x":-0.6704950332641602,"y":0.023820357397198678,"z":-0.021509326994419099,"w":-0.7412633895874023},"size":0.7420181632041931,"orthographic":false}