{"cameraMode":{"drawMode":0,"name":"Shaded","section":"Shading Mode"},"sceneLighting":true,"audioPlay":false,"sceneViewState":{"m_AlwaysRefresh":false,"showFog":true,"showSkybox":true,"showFlares":true,"showImageEffects":true,"showParticleSystems":true,"showVisualEffectGraphs":true,"m_FxEnabled":false},"in2DMode":false,"pivot":{"x":-4.633548259735107,"y":5.223184108734131,"z":3.1982972621917726},"rotation":{"x":0.20289669930934907,"y":-0.009131908416748047,"z":0.0018796358490362764,"w":0.9792116284370422},"size":3.4322705268859865,"orthographic":false}